{"cameraMode":{"drawMode":0,"name":"Shaded","section":"Shading Mode"},"sceneLighting":true,"audioPlay":false,"sceneViewState":{"m_AlwaysRefresh":false,"showFog":true,"showSkybox":true,"showFlares":true,"showImageEffects":true,"showParticleSystems":true,"showVisualEffectGraphs":true,"m_FxEnabled":true},"in2DMode":false,"pivot":{"x":9.640905380249024,"y":18.714311599731447,"z":-3.530909538269043},"rotation":{"x":-0.5169277787208557,"y":0.006929153110831976,"z":-0.004188848193734884,"w":-0.8559328317642212},"size":0.8660253882408142,"orthographic":false}